Artista,Obra
Ms. Cosmic,Tides of the Eternal Mind
Pinche Chucho,Galactic Clean-Up Crew
Pinche Chucho,Entre la Vida y el Plástico
LaQuida “Q” Landford,Bitcoin Drip Kimono
LaQuida “Q” Landford,BTC Luxe
Daughter of the Son,C0mMzoVeRLoAD
Daveed Benjamin,Bit-Beats Bliss
ONA AOÉRA,I vow to take care of you
Tania Cuevas Martinez,Yo Soy Libertad
Pinche Chucho,Pirolisaurio: Born from the Fossil Age
Pinche Chucho,Petgaserito Laser Luca
Char Puravida @peoplesSister,MOON LANDING
Jolted,Hydrothermal Camouflage
IGLI,Floral Coral
Fractalicia,Snail Whale
Samu Gaia,regenAIssance (i.)
Jimi Cohen,Treegeneration